{
  "flat": [
    {
      "label": "Test 2022",
      "train_rows": 430393,
      "test_rows": 73485,
      "test_races": 7756,
      "top_pick": 0.28455389375966994,
      "brier": 0.08625280235689703,
      "best_iter": 258,
      "value": {
        "edge_3": {
          "bets": 24143,
          "strike": 0.06150851178395394,
          "roi": 0.04581536524525802,
          "pnl": 1106.1203631162643
        },
        "edge_5": {
          "bets": 13401,
          "strike": 0.06596522647563614,
          "roi": 0.055181545870009306,
          "pnl": 739.4878962039948
        },
        "edge_10": {
          "bets": 2054,
          "strike": 0.10321324245374879,
          "roi": 0.24378129477161975,
          "pnl": 500.726779460907
        }
      }
    },
    {
      "label": "Test 2023",
      "train_rows": 506567,
      "test_rows": 74157,
      "test_races": 7767,
      "top_pick": 0.2657396678254152,
      "brier": 0.0868966892942865,
      "best_iter": 277,
      "value": {
        "edge_3": {
          "bets": 24543,
          "strike": 0.06123945727906124,
          "roi": 0.10381091672682613,
          "pnl": 2547.831329226494
        },
        "edge_5": {
          "bets": 13536,
          "strike": 0.06375591016548464,
          "roi": 0.10562393784382101,
          "pnl": 1429.7256226539612
        },
        "edge_10": {
          "bets": 2113,
          "strike": 0.09654519640321817,
          "roi": 0.26393468747813725,
          "pnl": 557.693994641304
        }
      }
    },
    {
      "label": "Test 2024",
      "train_rows": 580052,
      "test_rows": 74787,
      "test_races": 7822,
      "top_pick": 0.27601636410125285,
      "brier": 0.08626912414054004,
      "best_iter": 392,
      "value": {
        "edge_3": {
          "bets": 24405,
          "strike": 0.06240524482687974,
          "roi": 0.058814519298196304,
          "pnl": 1435.3683434724808
        },
        "edge_5": {
          "bets": 13149,
          "strike": 0.06677313864172181,
          "roi": 0.05638737597477482,
          "pnl": 741.4376066923141
        },
        "edge_10": {
          "bets": 2207,
          "strike": 0.1010421386497508,
          "roi": 0.20101808334941718,
          "pnl": 443.6469099521637
        }
      }
    },
    {
      "label": "Test 2025-26",
      "train_rows": 654209,
      "test_rows": 83724,
      "test_races": 9013,
      "top_pick": 0.27648951514479086,
      "brier": 0.08855635619994198,
      "best_iter": 452,
      "value": {
        "edge_3": {
          "bets": 26339,
          "strike": 0.07266790690610882,
          "roi": 0.07941549347239849,
          "pnl": 2091.724682569504
        },
        "edge_5": {
          "bets": 15913,
          "strike": 0.07628982592848614,
          "roi": 0.08800526118657565,
          "pnl": 1400.4277212619781
        },
        "edge_10": {
          "bets": 3514,
          "strike": 0.10159362549800798,
          "roi": 0.24860104553795837,
          "pnl": 873.5840740203857
        }
      }
    }
  ],
  "jumps": [
    {
      "label": "Test 2022",
      "train_rows": 279798,
      "test_rows": 47695,
      "test_races": 5335,
      "top_pick": 0.31152764761012186,
      "brier": 0.08822717013793042,
      "best_iter": 310,
      "value": {
        "edge_3": {
          "bets": 15811,
          "strike": 0.07311365505028145,
          "roi": 0.17173571304927837,
          "pnl": 2715.3133590221405
        },
        "edge_5": {
          "bets": 9543,
          "strike": 0.08236403646651996,
          "roi": 0.2826419149718794,
          "pnl": 2697.251794576645
        },
        "edge_10": {
          "bets": 2297,
          "strike": 0.10970831519373095,
          "roi": 0.3669551769235002,
          "pnl": 842.89604139328
        }
      }
    },
    {
      "label": "Test 2023",
      "train_rows": 332142,
      "test_rows": 46960,
      "test_races": 5121,
      "top_pick": 0.32024995118140986,
      "brier": 0.08558614333061382,
      "best_iter": 626,
      "value": {
        "edge_3": {
          "bets": 13801,
          "strike": 0.0852112165785088,
          "roi": 0.10482339294619616,
          "pnl": 1446.6676460504532
        },
        "edge_5": {
          "bets": 8134,
          "strike": 0.09577083845586427,
          "roi": 0.15675222381256945,
          "pnl": 1275.0225884914398
        },
        "edge_10": {
          "bets": 2113,
          "strike": 0.12257453857075248,
          "roi": 0.22776212356014947,
          "pnl": 481.2613670825958
        }
      }
    },
    {
      "label": "Test 2024",
      "train_rows": 379837,
      "test_rows": 46830,
      "test_races": 4991,
      "top_pick": 0.30234421959527147,
      "brier": 0.08467603263561901,
      "best_iter": 593,
      "value": {
        "edge_3": {
          "bets": 14444,
          "strike": 0.07934090279700914,
          "roi": 0.14599502437400608,
          "pnl": 2108.7521320581436
        },
        "edge_5": {
          "bets": 8577,
          "strike": 0.08790952547510784,
          "roi": 0.13736365167247092,
          "pnl": 1178.168040394783
        },
        "edge_10": {
          "bets": 2142,
          "strike": 0.10550887021475257,
          "roi": -0.006259648906750505,
          "pnl": -13.408167958259583
        }
      }
    },
    {
      "label": "Test 2025-26",
      "train_rows": 426797,
      "test_rows": 58238,
      "test_races": 6546,
      "top_pick": 0.295905896730828,
      "brier": 0.08997670442851831,
      "best_iter": 202,
      "value": {
        "edge_3": {
          "bets": 20255,
          "strike": 0.06502098247346334,
          "roi": 0.06032644350479868,
          "pnl": 1221.9121131896973
        },
        "edge_5": {
          "bets": 12676,
          "strike": 0.0665825181445251,
          "roi": 0.07478281493516478,
          "pnl": 947.9469621181488
        },
        "edge_10": {
          "bets": 2897,
          "strike": 0.07594062823610631,
          "roi": -0.028894745525838098,
          "pnl": -83.70807778835297
        }
      }
    }
  ]
}