{
  "flat": [
    {
      "label": "Test 2022",
      "train_rows": 430393,
      "test_rows": 73485,
      "test_races": 7756,
      "top_pick": 0.2846828261990717,
      "brier": 0.08577570707222029,
      "best_iter": 107,
      "value": {
        "edge_3": {
          "bets": 21823,
          "strike": 0.07235485496952757,
          "roi": 0.037334909394512485,
          "pnl": 814.7597277164459
        },
        "edge_5": {
          "bets": 12398,
          "strike": 0.07904500725923536,
          "roi": 0.11205035048081886,
          "pnl": 1389.2002452611923
        },
        "edge_10": {
          "bets": 2266,
          "strike": 0.11959399823477493,
          "roi": 0.3152907323963539,
          "pnl": 714.4487996101379
        }
      }
    },
    {
      "label": "Test 2023",
      "train_rows": 506567,
      "test_rows": 74157,
      "test_races": 7767,
      "top_pick": 0.263679670400412,
      "brier": 0.08664616147773507,
      "best_iter": 125,
      "value": {
        "edge_3": {
          "bets": 22386,
          "strike": 0.0716072545340838,
          "roi": 0.10615417382826405,
          "pnl": 2376.367335319519
        },
        "edge_5": {
          "bets": 12196,
          "strike": 0.07879632666448015,
          "roi": 0.061435578552845385,
          "pnl": 749.2683160305023
        },
        "edge_10": {
          "bets": 2591,
          "strike": 0.10459282130451564,
          "roi": 0.20192925274855195,
          "pnl": 523.1986938714981
        }
      }
    },
    {
      "label": "Test 2024",
      "train_rows": 580052,
      "test_rows": 74787,
      "test_races": 7822,
      "top_pick": 0.27716696497059573,
      "brier": 0.08680740825606659,
      "best_iter": 61,
      "value": {
        "edge_3": {
          "bets": 25613,
          "strike": 0.057197516885956354,
          "roi": 0.026086751567536894,
          "pnl": 668.1599678993225
        },
        "edge_5": {
          "bets": 13979,
          "strike": 0.06059088632949424,
          "roi": 0.05233238306038028,
          "pnl": 731.5543828010559
        },
        "edge_10": {
          "bets": 2304,
          "strike": 0.08463541666666667,
          "roi": 0.07813938851985666,
          "pnl": 180.03315114974976
        }
      }
    },
    {
      "label": "Test 2025-26",
      "train_rows": 654209,
      "test_rows": 83724,
      "test_races": 9013,
      "top_pick": 0.27671141684233885,
      "brier": 0.0884913611272853,
      "best_iter": 211,
      "value": {
        "edge_3": {
          "bets": 25157,
          "strike": 0.07806972214492984,
          "roi": 0.06566349298713194,
          "pnl": 1651.8964930772781
        },
        "edge_5": {
          "bets": 15332,
          "strike": 0.08433342029741717,
          "roi": 0.08307181704209177,
          "pnl": 1273.657098889351
        },
        "edge_10": {
          "bets": 3849,
          "strike": 0.11171732917640946,
          "roi": 0.24654031313992564,
          "pnl": 948.9336652755737
        }
      }
    }
  ],
  "jumps": [
    {
      "label": "Test 2022",
      "train_rows": 279798,
      "test_rows": 47695,
      "test_races": 5335,
      "top_pick": 0.3128397375820056,
      "brier": 0.08945131049295682,
      "best_iter": 34,
      "value": {
        "edge_3": {
          "bets": 17331,
          "strike": 0.06352778258611737,
          "roi": 0.1052068267345401,
          "pnl": 1823.3395141363144
        },
        "edge_5": {
          "bets": 10837,
          "strike": 0.0673618160007382,
          "roi": 0.1839382065236816,
          "pnl": 1993.3383440971375
        },
        "edge_10": {
          "bets": 2567,
          "strike": 0.07791195948578107,
          "roi": 0.36433417740432866,
          "pnl": 935.2458333969116
        }
      }
    },
    {
      "label": "Test 2023",
      "train_rows": 332142,
      "test_rows": 46960,
      "test_races": 5121,
      "top_pick": 0.3171255614137864,
      "brier": 0.08590654959159949,
      "best_iter": 99,
      "value": {
        "edge_3": {
          "bets": 14131,
          "strike": 0.08123982732998372,
          "roi": 0.09607975421020344,
          "pnl": 1357.7030067443848
        },
        "edge_5": {
          "bets": 8374,
          "strike": 0.09183186052065918,
          "roi": 0.11792298938597703,
          "pnl": 987.4871131181717
        },
        "edge_10": {
          "bets": 2208,
          "strike": 0.11277173913043478,
          "roi": 0.28282257838957553,
          "pnl": 624.4722530841827
        }
      }
    },
    {
      "label": "Test 2024",
      "train_rows": 379837,
      "test_rows": 46830,
      "test_races": 4991,
      "top_pick": 0.2915247445401723,
      "brier": 0.08499056554594597,
      "best_iter": 116,
      "value": {
        "edge_3": {
          "bets": 14288,
          "strike": 0.07810750279955207,
          "roi": 0.1230907253629016,
          "pnl": 1758.720283985138
        },
        "edge_5": {
          "bets": 8637,
          "strike": 0.08324649762649068,
          "roi": 0.07090052384337549,
          "pnl": 612.3678244352341
        },
        "edge_10": {
          "bets": 2235,
          "strike": 0.10067114093959731,
          "roi": -0.021245591325781223,
          "pnl": -47.48389661312103
        }
      }
    },
    {
      "label": "Test 2025-26",
      "train_rows": 426797,
      "test_rows": 58238,
      "test_races": 6546,
      "top_pick": 0.3056828597616865,
      "brier": 0.08907866824314363,
      "best_iter": 134,
      "value": {
        "edge_3": {
          "bets": 17628,
          "strike": 0.08514862718402541,
          "roi": 0.12228182184742183,
          "pnl": 2155.583955526352
        },
        "edge_5": {
          "bets": 11305,
          "strike": 0.09261388766032728,
          "roi": 0.08322857265607386,
          "pnl": 940.899013876915
        },
        "edge_10": {
          "bets": 3256,
          "strike": 0.1164004914004914,
          "roi": 0.022774991956917016,
          "pnl": 74.1553738117218
        }
      }
    }
  ]
}